<?xml version="1.0" ?>
<hotel>
  <guests>
    <guest id="1">
      <first_name>Sanya</first_name>
      <last_name>Snichkov</last_name>
      <phone_number>+123456789</phone_number>
      <email>sanya@example.com</email>
      <passport_number>AA1234567</passport_number>
    </guest>
    <guest id="2">
      <first_name>Andrey</first_name>
      <last_name>Pshenichnov</last_name>
      <phone_number>+987654321</phone_number>
      <email>andrey@example.com</email>
      <passport_number>BB9876543</passport_number>
    </guest>
  </guests>
  <rooms>
    <room id="1">
      <room_number>101</room_number>
      <room_type>Люкс</room_type>
      <price_per_night>5000.00</price_per_night>
      <status>свободен</status>
    </room>
    <room id="2">
      <room_number>102</room_number>
      <room_type>Обычный</room_type>
      <price_per_night>3000.00</price_per_night>
      <status>занят</status>
    </room>
  </rooms>
  <bookings>
    <booking id="1">
      <guest_id>1</guest_id>
      <room_id>2</room_id>
      <start_date>2024-12-01</start_date>
      <end_date>2024-12-05</end_date>
    </booking>
  </bookings>
</hotel>
